{"8_1_0.3_dense_42": {"energy_history": [-2.159940242767334, -0.8313185572624207, -1.3038796186447144, -2.7039473056793213, -3.9387242794036865, -4.884402751922607, -5.735130310058594, -5.274462699890137, -5.33291482925415, -7.036514759063721], "E_exact": -8.18104933692896, "E_final": -6.1847147941589355, "rel_error": 0.24401937460010686, "n_params": 80, "sparsity": 0.0}, "8_1_0.3_dense_123": {"energy_history": [-2.0800604820251465, -2.042320728302002, -2.354722023010254, -3.6274406909942627, -5.336578369140625, -5.117543697357178, -5.705507278442383, -5.999123573303223, -5.893519878387451, -6.700315952301025], "E_exact": -8.18104933692896, "E_final": -6.296917915344238, "rel_error": 0.23030437099062834, "n_params": 80, "sparsity": 0.0}, "8_1_0.5_dense_42": {"energy_history": [-3.759899854660034, -2.453226327896118, -3.411717414855957, -4.681270599365234, -5.246345520019531, -5.751387596130371, -6.111231327056885, -6.464455604553223, -6.43294620513916, -7.569062232971191], "E_exact": -8.50908223514028, "E_final": -7.001004219055176, "rel_error": 0.1772315714445839, "n_params": 80, "sparsity": 0.0}, "8_1_0.5_dense_123": {"energy_history": [-3.6800999641418457, -3.7759249210357666, -4.416098117828369, -5.284524917602539, -6.62763786315918, -6.242343425750732, -6.697099685668945, -6.83073091506958, -7.373448371887207, -7.620226860046387], "E_exact": -8.50908223514028, "E_final": -7.496837615966797, "rel_error": 0.11896049317671159, "n_params": 80, "sparsity": 0.0}, "8_1_0.7_dense_42": {"energy_history": [-5.359860897064209, -3.983090400695801, -4.758271217346191, -5.970226287841797, -7.077935218811035, -7.201022624969482, -7.394373416900635, -7.867593765258789, -7.731756210327148, -8.163802146911621], "E_exact": -9.023734141383024, "E_final": -7.947779178619385, "rel_error": 0.11923611067277438, "n_params": 80, "sparsity": 0.0}, "8_1_0.7_dense_123": {"energy_history": [-5.280140399932861, -5.437718391418457, -6.0977020263671875, -6.680363655090332, -7.1413421630859375, -7.554567813873291, -7.915480136871338, -7.800013065338135, -8.300371170043945, -8.413538932800293], "E_exact": -9.023734141383024, "E_final": -8.35695505142212, "rel_error": 0.07389170375743256, "n_params": 80, "sparsity": 0.0}, "8_1_1_dense_42": {"energy_history": [-7.759800434112549, -6.170109272003174, -6.788943290710449, -8.092293739318848, -9.12884521484375, -9.488008499145508, -9.399758338928223, -9.84439754486084, -9.866085052490234, -9.986151695251465], "E_exact": -10.251661790966025, "E_final": -9.92611837387085, "rel_error": 0.0317551850356643, "n_params": 80, "sparsity": 0.0}, "8_1_1_dense_123": {"energy_history": [-7.680200576782227, -7.606210708618164, -7.840009689331055, -8.835108757019043, -9.620786666870117, -9.622739791870117, -9.689339637756348, -9.759974479675293, -10.095070838928223, -9.93574047088623], "E_exact": -10.251661790966025, "E_final": -10.015405654907227, "rel_error": 0.023045642830998646, "n_params": 80, "sparsity": 0.0}, "8_1_1.3_dense_42": {"energy_history": [-10.159738540649414, -8.357115745544434, -9.176039695739746, -10.397442817687988, -11.571354866027832, -11.619979858398438, -11.635035514831543, -11.909674644470215, -11.785463333129883, -12.108713150024414], "E_exact": -12.029401209631086, "E_final": -11.947088241577148, "rel_error": 0.00684264882511652, "n_params": 80, "sparsity": 0.0}, "8_1_1.3_dense_123": {"energy_history": [-10.080260276794434, -10.034991264343262, -10.439642906188965, -11.239874839782715, -11.606730461120605, -11.71530532836914, -11.952942848205566, -11.892254829406738, -11.946653366088867, -11.927692413330078], "E_exact": -12.029401209631086, "E_final": -11.937172889709473, "rel_error": 0.007666908627818692, "n_params": 80, "sparsity": 0.0}, "8_1_1.7_dense_42": {"energy_history": [-13.359660148620605, -11.273103713989258, -12.181376457214355, -13.740602493286133, -14.636598587036133, -14.615388870239258, -14.690104484558105, -14.685248374938965, -14.640294075012207, -14.754037857055664], "E_exact": -14.808758687487952, "E_final": -14.697165966033936, "rel_error": 0.007535589161048461, "n_params": 80, "sparsity": 0.0}, "8_1_1.7_dense_123": {"energy_history": [-13.280341148376465, -13.095926284790039, -13.550341606140137, -14.51213550567627, -14.59666919708252, -14.735204696655273, -14.700278282165527, -14.626113891601562, -14.86859130859375, -14.795876502990723], "E_exact": -14.808758687487952, "E_final": -14.832233905792236, "rel_error": 0.0015852252575442906, "n_params": 80, "sparsity": 0.0}, "8_1_2_dense_42": {"energy_history": [-15.759600639343262, -13.4600830078125, -15.02656078338623, -16.19005012512207, -16.771684646606445, -16.82314109802246, -16.89898109436035, -16.852087020874023, -17.132680892944336, -16.92851448059082], "E_exact": -17.01816447028056, "E_final": -17.030597686767578, "rel_error": 0.0007305850468615934, "n_params": 80, "sparsity": 0.0}, "8_1_2_dense_123": {"energy_history": [-15.680400848388672, -15.540011405944824, -16.317611694335938, -16.680261611938477, -17.006813049316406, -16.922361373901367, -16.69232177734375, -17.029985427856445, -16.98311996459961, -17.028507232666016], "E_exact": -17.01816447028056, "E_final": -17.005813598632812, "rel_error": 0.0007257464028694854, "n_params": 80, "sparsity": 0.0}, "8_2_0.3_dense_42": {"energy_history": [-2.4798593521118164, -2.891850471496582, -5.167328834533691, -4.689903259277344, -6.000957012176514, -6.070845603942871, -6.673028469085693, -6.8096818923950195, -7.184863090515137, -7.639171123504639], "E_exact": -8.18104933692896, "E_final": -7.412017107009888, "rel_error": 0.09400166143084947, "n_params": 152, "sparsity": 0.0}, "8_2_0.3_dense_123": {"energy_history": [-2.479923725128174, -3.5873019695281982, -3.017249584197998, -3.753329277038574, -4.950140953063965, -4.867464542388916, -5.635823726654053, -5.344759464263916, -5.446640491485596, -5.499475002288818], "E_exact": -8.18104933692896, "E_final": -5.473057746887207, "rel_error": 0.33100785467922517, "n_params": 152, "sparsity": 0.0}, "8_2_0.5_dense_42": {"energy_history": [-4.079765319824219, -4.286427974700928, -6.50883150100708, -6.159127235412598, -6.929655075073242, -6.913559913635254, -7.309103965759277, -7.513197898864746, -7.7489013671875, -7.9853644371032715], "E_exact": -8.50908223514028, "E_final": -7.867132902145386, "rel_error": 0.0754428403975004, "n_params": 152, "sparsity": 0.0}, "8_2_0.5_dense_123": {"energy_history": [-4.079873085021973, -5.018892288208008, -4.641412258148193, -5.217794895172119, -6.303992748260498, -5.979132652282715, -6.500284194946289, -6.292063236236572, -6.659472465515137, -6.7208476066589355], "E_exact": -8.50908223514028, "E_final": -6.690160036087036, "rel_error": 0.21376244215170137, "n_params": 152, "sparsity": 0.0}, "8_2_0.7_dense_42": {"energy_history": [-5.6796722412109375, -5.773756980895996, -7.665972709655762, -8.030927658081055, -7.633262634277344, -8.360590934753418, -8.544964790344238, -8.571186065673828, -8.495829582214355, -8.783084869384766], "E_exact": -9.023734141383024, "E_final": -8.63945722579956, "rel_error": 0.04258513266931941, "n_params": 152, "sparsity": 0.0}, "8_2_0.7_dense_123": {"energy_history": [-5.679821491241455, -6.458018779754639, -6.129658222198486, -6.744988918304443, -7.515664100646973, -7.347455978393555, -7.723918437957764, -7.779941082000732, -8.087646484375, -8.098553657531738], "E_exact": -9.023734141383024, "E_final": -8.09310007095337, "rel_error": 0.10313181393074827, "n_params": 152, "sparsity": 0.0}, "8_2_1_dense_42": {"energy_history": [-8.079530715942383, -7.871140956878662, -9.796133995056152, -8.72987174987793, -10.101804733276367, -9.939455032348633, -9.87057876586914, -9.994646072387695, -10.077336311340332, -10.11875057220459], "E_exact": -10.251661790966025, "E_final": -10.098043441772461, "rel_error": 0.01498472660587927, "n_params": 152, "sparsity": 0.0},